/news/	301	/blog/
/menu/	PAGE	(同URL保留)
/error-404-page/	301	/about/
/about/	PAGE	(同URL保留)
/lunch-specials-2/	301	/lunch-specials/
/happy-hour/	PAGE	(同URL保留)
/drinks/	301	/menu/#dinner--sake
/appetizers/	301	/menu/#dinner--appetizers
/desserts/	301	/menu/#dinner--dessert
/main-course/	301	/menu/
/zen-ramen-sushi-blog/	301	/blog/
/2023/09/20/from-traditional-to-trendy-a-beginners-guide-to-ramen/	PAGE	(同URL保留)
/2023/09/26/sushi-history-and-why-it-is-popular/	PAGE	(同URL保留)
/2023/11/16/is-sushi-ramen-actually-healthy-the-benefits/	PAGE	(同URL保留)
/2023/12/15/key-ingredients-preparation-for-sushi/	PAGE	(同URL保留)
/2024/01/12/zen-ramen-sushi-a-culinary-jewel-in-new-york-citys-crown/	PAGE	(同URL保留)
/2024/02/24/a-taste-of-japan-in-the-heart-of-nyc/	PAGE	(同URL保留)
/2024/03/21/why-sushi-is-so-popular-in-new-york-city/	PAGE	(同URL保留)
/2024/04/10/nycs-gyoza-little-pockets-big-flavors/	PAGE	(同URL保留)
/2024/05/20/in-the-heart-of-perfect-lunch-bento-boxes-in-manhattan/	PAGE	(同URL保留)
/2024/06/12/exploring-the-flavors-of-ramen/	PAGE	(同URL保留)
/2024/07/18/top-sushi-pairings-in-nyc-discover-the-best-combinations/	PAGE	(同URL保留)
/2024/10/04/zen-ramen-sushi-our-quality-and-affordable-lunch-specials-near-times-square/	PAGE	(同URL保留)
/2024/12/10/zen-ramen-sushi-second-floor-now-open-in-midtown/	PAGE	(同URL保留)
/2025/07/30/taste-the-difference-premium-bakkafrost-salmon-at-zen-ramen-sushi-in-midtown-nyc/	PAGE	(同URL保留)
/2026/01/15/affordable-sushi-lunch-special-happy-hour-in-midtown-manhattan/	PAGE	(同URL保留)
/2026/01/29/busy-workday-lunch-in-midtown-zen-ramen-sushi-makes-it-easy/	PAGE	(同URL保留)
/zen-ramen-contact/	301	/location/
/contact-theme/	301	/location/
/	PAGE	(同URL保留)
/aboutus/	301	/about/
/location-theme/	301	/location/
/location/	PAGE	(同URL保留)
/2026/05/18/the-art-of-authentic-ramen-what-makes-our-broth-different/	PAGE	(同URL保留)
/2026/05/19/sushi-101-understanding-nigiri-sashimi-and-maki-rolls/	PAGE	(同URL保留)
/2026/05/20/5-japanese-dining-etiquette-tips-for-your-first-visit/	PAGE	(同URL保留)
/2026/05/21/authentic-ramen-broth-tonkotsu-shoyu-miso-explained/	PAGE	(同URL保留)
/2026/05/21/what-makes-authentic-japanese-ramen-different-from-fusion/	PAGE	(同URL保留)
/2026/05/22/sushi-rice-101-why-perfect-rice-makes-or-breaks-sushi/	PAGE	(同URL保留)
/2026/05/23/10-essential-ramen-toppings-that-transform-your-bowl/	PAGE	(同URL保留)
/2026/05/24/nigiri-vs-sashimi-vs-maki-understanding-sushi-styles/	PAGE	(同URL保留)
/2026/05/25/how-to-eat-ramen-like-a-local-japanese-dining-etiquette/	PAGE	(同URL保留)
/2026/05/26/fresh-sushi-fish-selection-safety-quality-guide/	PAGE	(同URL保留)
/2026/05/27/chashu-pork-the-art-behind-ramens-best-topping/	PAGE	(同URL保留)
/2026/05/28/wasabi-and-ginger-essential-sushi-condiments-explained/	PAGE	(同URL保留)
/2026/05/29/regional-ramen-styles-from-hokkaido-to-kyushu/	PAGE	(同URL保留)
/2026/05/30/soy-sauce-secrets-choosing-the-right-sauce-for-sushi/	PAGE	(同URL保留)
/2026/05/31/ramen-noodles-thickness-texture-traditional-prep/	PAGE	(同URL保留)
/2026/06/01/california-roll-and-modern-sushi-innovations-explored/	PAGE	(同URL保留)
/2026/06/02/dashi-broth-the-umami-foundation-of-japanese-ramen/	PAGE	(同URL保留)
/2026/06/03/omakase-explained-trust-the-chef-for-sushi/	PAGE	(同URL保留)
/2026/06/04/spicy-ramen-how-chili-oil-and-heat-transform-bowls/	PAGE	(同URL保留)
/2026/06/05/sake-and-sushi-the-perfect-pairing-guide/	PAGE	(同URL保留)
/2026/06/06/the-science-behind-perfect-ramen-eggs-ajitsuke-tamago/	PAGE	(同URL保留)
/2026/06/07/seasonal-sushi-how-fresh-ingredients-change-year-round/	PAGE	(同URL保留)
/2026/06/08/vegetarian-ramen-miso-broths-and-plant-based-toppings/	PAGE	(同URL保留)
/full-width-theme/	301	/about/
/privacy-policies-3/	301	/privacy-policy/
/terms-conditions/	PAGE	(同URL保留)
/2026/06/09/sushi-bar-etiquette-what-to-know-at-the-counter/	PAGE	(同URL保留)
/2026/06/10/tsukemen-the-dipping-ramen-style-you-need-to-try/	PAGE	(同URL保留)
/2026/06/11/nori-seaweed-the-ingredient-that-makes-sushi-work/	PAGE	(同URL保留)
/2026/06/12/ramen-menu-guide-first-timers-complete-walkthrough/	PAGE	(同URL保留)
/2026/06/13/temaki-vs-maki-hand-rolls-and-immediate-freshness/	PAGE	(同URL保留)
/2026/06/14/menma-the-bamboo-shoot-that-makes-ramen-complete/	PAGE	(同URL保留)
/2026/06/15/sushi-grade-fish-explained-what-the-term-really-means/	PAGE	(同URL保留)
/2026/06/16/ramen-construction-building-the-perfect-bowl/	PAGE	(同URL保留)
/2026/06/17/green-tea-and-japanese-dining-traditional-pairings/	PAGE	(同URL保留)
/2026/06/18/tonkotsu-vs-shoyu-ramen-the-ultimate-broth-guide/	PAGE	(同URL保留)
/2026/06/19/sushi-date-night-guide-perfect-ramen-pairings-to-share/	PAGE	(同URL保留)
/2026/06/20/sushi-etiquette-101-eat-nigiri-sashimi-maki-right/	PAGE	(同URL保留)
/2026/06/21/sushi-grade-fish-fresh-vs-frozen-truth-revealed/	PAGE	(同URL保留)
/2026/06/22/ramen-toppings-decoded-chashu-eggs-more/	PAGE	(同URL保留)
/2026/06/23/5-signs-youre-eating-authentic-japanese-ramen-vs-instant/	PAGE	(同URL保留)
/2026/06/24/ramen-pairing-guide-appetizers-drinks-that-work/	PAGE	(同URL保留)
/2026/06/25/ramen-bowl-components-every-element-explained/	PAGE	(同URL保留)
/2026/06/26/how-to-order-sushi-beginners-guide-from-nigiri-to-maki/	PAGE	(同URL保留)
/2026/06/27/authentic-ramen-broth-how-we-craft-ours-from-scratch/	PAGE	(同URL保留)
/2026/06/28/sushi-chef-preparation-how-fresh-nigiri-is-made-daily/	PAGE	(同URL保留)
/2026/06/30/zen-ramen-and-sushi-noblesville-top-japanese-spot/	RETIRE	(写错城市)
/about-us/	301	/about/
/2026/07/04/blog-best-ramen-midtown-manhattan/	PAGE	(同URL保留)
/2026/07/07/blog-corporate-catering-midtown-manhattan/	PAGE	(同URL保留)
/2026/07/07/date-night-near-times-square-zen-ramen-sushi-midtown-nyc/	PAGE	(同URL保留)
/2026/07/07/blog-ramen-101-types-how-to-order/	PAGE	(同URL保留)
/blog/	PAGE	(同URL保留)
/2026/07/14/what-makes-authentic-japanese-ramen-a-real-guide/	PAGE	(同URL保留)
/2026/07/14/nigiri-vs-maki-vs-sashimi-the-complete-sushi-guide/	PAGE	(同URL保留)
/2026/07/19/japanese-restaurant-dining-tips-a-locals-complete-guide/	PAGE	(同URL保留)
/2026/07/20/best-local-japanese-restaurant-word-of-mouth-power/	PAGE	(同URL保留)
/2026/07/21/why-zen-ramen-and-sushi-is-the-best-japanese-restaurant/	PAGE	(同URL保留)
/2026/07/22/how-to-order-ramen-like-a-pro-beginners-guide/	PAGE	(同URL保留)
/2026/07/23/tonkotsu-vs-shoyu-vs-miso-which-ramen-broth-wins/	PAGE	(同URL保留)
/2026/07/24/8-reasons-fresh-sushi-is-better-at-a-japanese-restaurant/	PAGE	(同URL保留)
/2026/07/25/best-japanese-restaurant-gainesville-a-locals-guide/	RETIRE	(写错城市)
/2026/07/26/authentic-ramen-vs-instant-noodles-the-real-difference/	PAGE	(同URL保留)
/2026/07/27/sushi-roll-craftsmanship-how-japanese-chefs-work/	PAGE	(同URL保留)
/2026/07/27/best-sushi-rolls-for-beginners-what-to-order-first/	PAGE	(同URL保留)
/2026/07/28/how-zen-ramen-sushi-blends-tradition-and-creativity/	PAGE	(同URL保留)
/2026/07/29/ramen-toppings-explained-chashu-pork-to-soft-boiled-eggs/	PAGE	(同URL保留)
/2026/07/30/japanese-restaurant-date-night-why-its-perfect/	PAGE	(同URL保留)
/2026/07/31/nigiri-vs-maki-vs-sashimi-a-simple-sushi-glossary/	PAGE	(同URL保留)
/2026/08/01/5-japanese-dining-etiquette-tips-for-first-time-guests/	PAGE	(同URL保留)
/2026/08/02/why-ramen-is-the-ultimate-comfort-food-for-any-season/	PAGE	(同URL保留)
/2026/08/04/nyc-restaurant-week-guide-what-to-try-at-zen-ramen-sushi/	PAGE	(同URL保留)
/2026/08/05/history-of-ramen-from-japan-to-americas-bowls/	PAGE	(同URL保留)
/2026/08/06/japanese-food-beyond-sushi-best-dishes-to-try/	PAGE	(同URL保留)
/2026/08/06/spicy-ramen-lovers-guide-handle-the-heat-like-a-pro/	PAGE	(同URL保留)
/2026/08/07/family-japanese-restaurant-why-kids-love-ramen-sushi/	PAGE	(同URL保留)
/2026/08/08/japanese-drink-pairings-for-ramen-and-sushi/	PAGE	(同URL保留)
/2026/08/09/japanese-restaurant-dahlonega-zen-ramen-sushi/	RETIRE	(写错城市)
/2026/08/10/sushi-grade-fish-why-seafood-quality-matters/	PAGE	(同URL保留)
/2026/08/11/group-dining-at-a-japanese-restaurant-top-tips/	PAGE	(同URL保留)
/2026/08/12/japanese-restaurant-greenville-sc-worth-the-drive-to-clemson/	RETIRE	(写错城市)
/2026/08/13/health-benefits-of-japanese-food-ramen-and-sushi/	PAGE	(同URL保留)
/2026/08/14/sushi-101-nigiri-vs-sashimi-vs-maki-explained/	PAGE	(同URL保留)
/2026/08/14/10-ramen-enthusiast-tips-for-your-best-bowl-yet/	PAGE	(同URL保留)
/2026/08/15/japanese-hospitality-restaurant-the-zen-ramen-experience/	PAGE	(同URL保留)
/2026/08/16/japanese-food-bucket-list-summer-2026-edition/	PAGE	(同URL保留)
/2026/08/17/authentic-ramen-what-makes-a-perfect-bowl/	PAGE	(同URL保留)
/2026/08/18/fresh-sushi-vs-frozen-why-fresh-always-wins/	PAGE	(同URL保留)
/2026/08/19/ramen-vs-sushi-choose-the-right-dish-for-your-mood/	PAGE	(同URL保留)
/2026/08/20/japanese-dining-etiquette-ramen-sushi-guide/	PAGE	(同URL保留)
/2026/08/21/what-makes-authentic-japanese-ramen-unique/	PAGE	(同URL保留)
/2026/08/22/tonkotsu-vs-miso-vs-shoyu-ramen-the-broth-guide/	PAGE	(同URL保留)
/2026/08/23/ramen-egg-soft-boiled-marinated-and-sublime/	PAGE	(同URL保留)
/2026/08/24/10-japanese-food-terms-every-ramen-and-sushi-fan-should-know/	PAGE	(同URL保留)
/2026/08/25/sushi-rice-the-secret-weapon-of-every-great-sushi-chef/	PAGE	(同URL保留)
/2026/08/26/nigiri-maki-sashimi-temaki-sushi-guide/	PAGE	(同URL保留)
/2026/08/27/how-to-read-a-japanese-restaurant-menu-like-a-local/	PAGE	(同URL保留)
/2026/08/28/history-of-ramen-from-chinese-noodles-to-japans-soul-food/	PAGE	(同URL保留)
/2026/08/29/chashu-pork-the-braised-topping-that-transforms-ramen/	PAGE	(同URL保留)
/2026/08/30/sushi-etiquette-dos-and-donts-for-your-next-meal/	PAGE	(同URL保留)
/2026/08/31/what-is-umami-and-why-japanese-food-is-so-delicious/	PAGE	(同URL保留)
/2026/09/02/best-ramen-toppings-ranked-nori-to-bamboo-shoots/	PAGE	(同URL保留)
/2026/09/02/5-signs-youve-found-a-truly-authentic-ramen-restaurant/	PAGE	(同URL保留)
/2026/09/03/sushi-drink-pairing-sake-green-tea-more/	PAGE	(同URL保留)
/2026/09/05/fresh-sushi-fish-how-quality-defines-every-bite/	PAGE	(同URL保留)
/2026/09/05/spicy-tuna-dragon-roll-or-rainbow-roll-how-to-choose/	PAGE	(同URL保留)
/2026/09/06/japanese-comfort-food-why-ramen-is-the-ultimate-bowl/	PAGE	(同URL保留)
/2026/09/07/miso-ramen-the-fermented-flavor-bomb-of-northern-japan/	PAGE	(同URL保留)
/2026/09/08/how-to-eat-ramen-like-a-true-japanese-local/	PAGE	(同URL保留)
/2026/09/09/the-japanese-dining-experience-what-sets-it-apart/	PAGE	(同URL保留)
/2026/09/10/vegetarian-ramen-how-to-enjoy-a-rich-satisfying-bowl/	PAGE	(同URL保留)
/2026/09/11/omakase-sushi-explained-let-the-chef-decide/	PAGE	(同URL保留)
/2026/09/12/japanese-noodle-soup-perfect-for-every-season/	PAGE	(同URL保留)
/2026/09/14/sushi-vs-sashimi-a-clear-simple-breakdown/	PAGE	(同URL保留)
/2026/09/15/japanese-restaurant-group-dining-8-reasons-to-choose/	PAGE	(同URL保留)
/2026/09/15/first-time-at-a-japanese-restaurant-complete-guide/	PAGE	(同URL保留)
/2026/09/16/ramen-kitchen-the-hours-behind-every-bowl/	PAGE	(同URL保留)
/2026/09/17/japanese-food-bucket-list-15-dishes-to-try/	PAGE	(同URL保留)
/2026/09/18/naruto-vs-menma-ramen-garnishes-explained/	PAGE	(同URL保留)
/2026/09/20/gyoza-and-ramen-why-this-pairing-works-so-well/	PAGE	(同URL保留)
/zrm-menu/	PAGE	(同URL保留)
/zrm-menu-item/roll-combo-a/	301	/menu/#dinner--sushi-rolls
/zrm-menu-item/dan-dan-ramen-in-soup-broth/	301	/menu/#dinner--ramen-noodles
/zrm-menu-item/spicy-salmon-crunch-roll/	301	/menu/#dinner--sushi-rolls
/tag/zen-ramen-and-sushi/	301	/blog/
/mftype/jpg/	301	/menu/
/mftype/jpeg/	301	/menu/
/zrm-menu-item/sushi-lunch-2/	301	/menu/#dinner--sushi-rolls
/mftype/pdf/	301	/menu/
/zrm-menu-item/grill-chicken-yuzu-ramen/	301	/menu/#dinner--ramen-noodles
/zrm-menu-item/steamed-buns-catering/	301	/events-catering/
/zrm-menu-item/eel-lunch/	301	/lunch-specials/
/zrm-category/bento-box/	301	/lunch-specials/
/zrm-menu-item/sushi-7-pcs-bento-catering/	301	/events-catering/
/zrm-menu-item/lobster-roll/	301	/menu/#dinner--sushi-rolls
/zrm-menu-item/fashion-roll/	301	/menu/#dinner--sushi-rolls
/zrm-menu-item/salmon-lunch/	301	/menu/#dinner--sushi-rolls
/zrm-menu-item/sushi-sashimi-combo/	301	/menu/#dinner--sushi-rolls
/zrm-menu-item/shrimp-tempura-bento-catering/	301	/events-catering/
/tag/ramen-ingredients/	301	/blog/
/2026/08/29/chashu-pork-that-remakes-ramen/	301	/menu/#dinner--ramen-noodles
/zrm-menu-item/2-scoops-ice-cream/	301	/menu/
/zrm-menu-item/gyu-don/	301	/menu/
/zrm-menu-item/shumai-6pcs/	301	/menu/#dinner--appetizers
/zrm-menu-item/unsweetened-tea-green-tea/	301	/menu/#dinner--sake
/zrm-menu-item/sashimi-7-pcs-bento-dinner/	301	/menu/#dinner--sushi-rolls
/2026/09/20/ramen-broth-temperature-why-it-makes-or-breaks-your-bowl/	PAGE	(同URL保留)
/2026/09/21/japanese-sesame-the-toasted-ingredient-behind-every-great-dish/	PAGE	(同URL保留)
/2026/09/24/edamame-at-a-japanese-restaurant-the-perfect-start/	PAGE	(同URL保留)
/2026/09/25/tofu-in-japanese-food-ramen-and-sushi-guide/	PAGE	(同URL保留)
/2026/09/30/dashi-broth-the-invisible-foundation-of-japanese-cooking/	PAGE	(同URL保留)
/contact/	301	/location/
/uorder-menu/	301	/menu/
/zrm-menu-item/fire-mountain-roll/	301	/menu/#dinner--sushi-rolls
/zrm-menu-item/karaage-w-sesame-seed/	301	/menu/#dinner--appetizers
/zrm-menu-item/m16/	301	/menu/
/zrm-menu-item/mango-rosemary-tea/	301	/menu/#dinner--sake
/zrm-menu-item/mojito/	301	/menu/
/zrm-menu-item/roll-combo-d/	301	/menu/#dinner--sushi-rolls
/zrm-menu-item/salmon-don/	301	/menu/#dinner--sushi-rolls
/zrm-menu-item/salmon-mango-roll/	301	/menu/#dinner--sushi-rolls
/zrm-menu-item/sapporo/	301	/menu/
/zrm-menu-item/sashimi-lunch/	301	/lunch-specials/
/zrm-menu-item/sushi-lunch/	301	/lunch-specials/
/zrm-menu-item/teriyaki-chicken-lunch/	301	/lunch-specials/
/zrm-menu-item/teriyaki-salmon/	301	/menu/#dinner--sushi-rolls
/zrm-menu-type/happy-hour-4-8pm/	301	/happy-hour/